<?xml version="1.0" encoding="UTF-8"?>

<!DOCTYPE mapper PUBLIC "-//mybatis.org//DTD Mapper 3.0//EN"
 "http://mybatis.org/dtd/mybatis-3-mapper.dtd">
 
<mapper namespace="team3.promans.interfaces.AuthInterface">
	
	<select id="idCheck" parameterType="team3.promans.beans.AccessHistory" resultType="int">
		SELECT COUNT(*) FROM CM WHERE CM_USERID = #{userid}
	</select>

	<select id="getPass" parameterType="team3.promans.beans.AccessHistory" resultType="string">
		SELECT CM_ACODE AS ACODE FROM CM WHERE CM_USERID = #{userid}
	</select>
	
	<select id="getUserInfo" parameterType="team3.promans.beans.AccessHistory" resultType="team3.promans.beans.CpMemberBean">
		SELECT * FROM USERINFO WHERE USERID = #{userid}
	</select>
	
	<insert id="insAccessHistory" parameterType="team3.promans.beans.AccessHistory">
		INSERT INTO ACCESSHISTORY 
		VALUES(#{cpcode},#{userid},#{publicip},#{privateip},1)
	</insert>
	
	<insert id="insCpMember" parameterType="team3.promans.beans.CpMemberBean">
		INSERT INTO CP_MEMBER 
		VALUES(#{cpcode},#{userid},#{acode},#{uname},#{uphone},#{tecode},#{mail},#{wcode},#{utype})
	</insert>
	
	<select id="getMethod" parameterType="team3.promans.beans.AccessHistory" resultType="int">
		SELECT NVL(SUM(AH_METHOD),0) FROM AH WHERE AH_USERID = #{userid}
	
	</select>
	
	<insert id="logOutAh" parameterType="team3.promans.beans.AccessHistory">
		INSERT INTO AH VALUES(#{cpcode},#{userid},#{publicip},#{privateip},#{method})
	</insert>
	
	<insert id="registerCompany" parameterType="team3.promans.beans.CpMemberBean" >
		insert into cp values(#{cpcode},#{cpname},#{ceo},#{cplocate})
	</insert>
	
	<select id="getCpMax" parameterType="team3.promans.beans.CpMemberBean" resultType="int">
		select nvl(max(substr(cp_code,3,4)),0) from cp 
	</select>
	
	<insert id="insertCpMember" parameterType="team3.promans.beans.CpMemberBean" >
		insert into cm values(#{cpcode},#{userid},#{acode},#{uname},#{uphone},#{tecode},#{mail},#{wcode},#{utype})
	</insert>
	
	
	
</mapper>