<?xml version="1.0" encoding="UTF-8"?>

<!DOCTYPE mapper PUBLIC "-//mybatis.org//DTD Mapper 3.0//EN"
 "http://mybatis.org/dtd/mybatis-3-mapper.dtd">

<mapper namespace="team3.promans.interfaces.SelectInterface">
	<select id="getCalendar"
		resultType="team3.promans.beans.Notice_CalendarBean"
		parameterType="team3.promans.beans.Notice_CalendarBean">
		SELECT TO_CHAR(PR_SDATE,'YYYYMMDD') AS SDATE,
		TO_CHAR(PR_LDATE,'YYYYMMDD') AS LDATE,
		CM.CM_USERID AS USERID
		FROM PR
		INNER JOIN CM ON PR.PR_CPCODE = CM.CM_CPCODE
		WHERE CM.CM_USERID =
		#{writer}
	</select>

	<select id="getMySchedule"
		parameterType="team3.promans.beans.ScheduleDetailBean"
		resultType="team3.promans.beans.ScheduleDetailBean">
		SELECT
		SD_USERID as userid,
		SD_CODE as sdcode,
		SD_TITLE as sdcontent,
		SD_DATE as sddate,
		SD_PRCODE as prcode,
		SD_PSCODE as pscode
		FROM SD
		WHERE SD_CPCODE= #{cpcode} and
		SD_PRCODE= #{prcode} and
		SD_PSCODE= #{pscode} and
		SD_USERID= #{userid}
	</select>

	<!-- 공지사항 리스트 조회 -->
	<select id="getNoticeList"
		parameterType="team3.promans.beans.Notice_CalendarBean"
		resultType="team3.promans.beans.Notice_CalendarBean">
		SELECT NO_USERID as writer,
		NO_TITLE as title,
		NO_CODE as nocode,
		NO_CONTENTS as
		contents,
		TO_CHAR(NO_DATE, 'YYYY-mm-dd') as sdate,
		NO_FILEPATH as
		filepath,
		NO_FNAME as fname
		FROM PNT
		WHERE NO_CPCODE =
		#{cpcode}
	</select>
	
	<!-- 공지사항 nocode -->
	<select id="getMaxNocode"
		parameterType="team3.promans.beans.Notice_CalendarBean"
		resultType="int">
		SELECT NVL(MAX(NO_CODE),0)
		FROM PNT
		WHERE NO_CPCODE = #{cpcode}
	</select>
	

	<!-- 공지사항디테일 -->
	<select id="getNoticeDetail"
		parameterType="team3.promans.beans.Notice_CalendarBean"
		resultType="team3.promans.beans.Notice_CalendarBean">
		SELECT NO_USERID as writer,
		NO_TITLE as title,
		NO_CODE as
		nocode,
		NO_CONTENTS as
		contents,
		TO_CHAR(NO_DATE, 'YYYY-mm-dd') as sdate,
		NO_FILEPATH as
		filepath,
		NO_FNAME as fname
		FROM PNT
		WHERE NO_CPCODE =
		#{cpcode} and NO_CODE = #{nocode}
	</select>

	<!-- 공지사항 삭제 -->
	<delete id="noticeDelete" parameterType="team3.promans.beans.Notice_CalendarBean">
		DELETE 
		FROM PNT 
		WHERE NO_CPCODE =#{cpcode} and NO_CODE = #{nocode}
	</delete>

	<select id="getDiary" 
		parameterType="team3.promans.beans.WorkDiaryBean"
		resultType="team3.promans.beans.WorkDiaryBean">
		SELECT WD_CPCODE as cpcode,
		WD_PRCODE as prcode,
		WD_USERID as userid,
		WD_CODE as wdcode,
		WD_TITLE as wdtitle,
		WD_CONTENTS as wdcontents,
		WD_DATE as wddate
		FROM WD
		WHERE WD_CPCODE = #{cpcode}
		and WD_PRCODE = #{prcode}
		and WD_USERID = #{userid} 
	</select>

	<!-- 공지사항 글쓰기 -->
	<insert id="insNotice"
		parameterType="team3.promans.beans.Notice_CalendarBean">
		INSERT INTO PNT
		VALUES(#{cpcode}, #{prcode}, #{nocode},
		#{writer}, #{title}, #{contents},
		to_char(sysdate,'YYMMDD'),
		#{filepath}, #{fname})
	</insert>


	<select id="getProject"
		parameterType="team3.promans.beans.ProjectMemberBean"
		resultType="team3.promans.beans.ProjectBean">

		SELECT CPCODE, PRCODE, PRNAME, PROPEN,
		TO_CHAR(PRDATE,'YYYY-MM-dd') AS
		PRDATE , TO_CHAR(SDATE,'YYYY-MM-dd') as prsdate,
        TO_CHAR(LDATE,'YYYY-MM-dd') as prldate 
        FROM PROJECTVIEW WHERE USERID =
		#{userid} AND CPCODE = #{cpcode}
	</select>



	<select id="getProjectStep"
		parameterType="team3.promans.beans.ProjectMemberBean"
		resultType="team3.promans.beans.ProjectStepBean">

		SELECT CPCODE, PRCODE, PSCODE, PSNAME, STCODE, USERID, STNAME
		FROM PROJECTSTEPVIEW 
		WHERE CPCODE = #{cpcode} AND
		PRCODE = #{prcode}

	</select>


	<select id="selectSchedule"
		parameterType="team3.promans.beans.ProjectStepBean"
		resultType="team3.promans.beans.ScheduleBean">
		SELECT SCCODE, SCNAME, SCSTCODE, SCSTATE, PSCODE,
		NVL((SELECT UTYPE FROM PROJECTSTEPVIEW WHERE USERID = #{userid}),'G') AS UTYPE 
		FROM SCHEDULEVIEW 
		WHERE CPCODE = #{cpcode} AND PRCODE = #{prcode} AND PSCODE = #{pscode}
	</select>

	<select id="getScheDetail"
		parameterType="team3.promans.beans.ScheduleDetailBean"
		resultType="team3.promans.beans.ScheduleDetailBean">
		SELECT
		SD.SD_CODE AS SDCODE,
		SD.SD_TITLE AS SDCONTENT,
		TO_CHAR(SD.SD_DATE, 'YYYY-MM-dd') AS SDDATE,
		ST.ST_CODE AS SDDCODE,
		ST.ST_NAME AS SDDSTATE,
		CM.CM_UNAME AS USERNAME,
		SD.SD_USERID AS USERID 
		FROM SD INNER JOIN ST ON SD.SD_STATE = ST.ST_CODE
		INNER JOIN CM ON SD.SD_CPCODE = CM.CM_CPCODE AND
		SD.SD_USERID = CM.CM_USERID
		WHERE SD.SD_CPCODE = #{cpcode} AND
		SD.SD_PRCODE = #{prcode} AND
		SD.SD_PSCODE = #{pscode} AND SD.SD_SCCODE = #{sccode}

	</select>

	<select id="getSDInfo"
		parameterType="team3.promans.beans.ScheduleDetailBean"
		resultType="team3.promans.beans.ScheduleDetailBean">

		select sd_sccode as sccode, sd_pscode as pscode, sd_code as
		sdcode from sd
		where sd_prcode = #{prcode} and sd_cpcode = #{cpcode}

	</select>

	<select id="reqForCompletion"
		parameterType="team3.promans.beans.ScheduleDetailBean"
		resultType="team3.promans.beans.ScheduleDetailBean">
		SELECT
		SD.SD_CODE AS SDCODE,
		SD.SD_SCCODE AS SCCODE,
		SD.SD_TITLE AS SDCONTENT,
		TO_CHAR(SD.SD_DATE,
		'YYYY-MM-dd') AS SDDATE,
		ST.ST_CODE AS SDDCODE,
		ST.ST_NAME AS SDDSTATE,
		CM.CM_UNAME AS USERNAME,
		SD.SD_USERID AS USERID
		FROM SD INNER JOIN ST ON
		SD.SD_STATE = ST.ST_CODE
		INNER JOIN CM ON SD.SD_CPCODE = CM.CM_CPCODE
		AND SD.SD_USERID =
		CM.CM_USERID
		WHERE SD.SD_CPCODE = #{cpcode} AND
		SD.SD_PRCODE = #{prcode} AND
		SD.SD_PSCODE = #{pscode} AND SD.SD_SCCODE
		= #{sccode} AND ST.ST_CODE = 'W'
	</select>

	
	
	<select id="selectStepReq" parameterType="team3.promans.beans.ProjectStepBean" resultType="team3.promans.beans.ProjectStepBean">
		select cpcode, prcode, pscode, psname, username, stcode ,stname, userid,utype from projectstepview where stcode='W' and cpcode = #{cpcode} and prcode = #{prcode}
	</select>

	<select id="selectManager"
		parameterType="team3.promans.beans.ProjectStepBean"
		resultType="team3.promans.beans.ProjectStepBean">
		select username as username, userid from
		projectmemberview where utcode='G' and wcode='1'and prcode =#{prcode}
		and cpcode=#{cpcode}
	</select>
    
 

	<select id="getCompleteList"
		parameterType="team3.promans.beans.ProjectStepBean"
		resultType="team3.promans.beans.ProjectStepBean">
		SELECT
		PS_CPCODE AS CPCODE,
		PS_PRCODE AS PRCODE,
		PS_CODE AS
		PSCODE,
		PS_NAME AS PSNAME,
		PS_USERID AS USERID,
		PS_UTYPE AS UTYPE,
		PS_STATE AS STCODE,
		ST.ST_NAME AS
		STNAME
		FROM PS INNER JOIN ST ON
		PS.PS_STATE = ST.ST_CODE
		WHERE PS_CPCODE=#{cpcode} AND
		PS_PRCODE=#{prcode} AND PS_UTYPE=#{utype} AND
		PS_USERID=#{userid}

	</select>

	<select id="selectProjectMember" parameterType="team3.promans.beans.ProjectMemberBean" resultType="team3.promans.beans.ProjectMemberBean">
		select cm_userid as userid, cm_uname as uname from cm where cm_cpcode =#{cpcode} 
	</select>
	
	<select id ="getDataGraphPsW" parameterType = "team3.promans.beans.ProjectBean" resultType = "int">
	 SELECT COUNT(*) AS stepW FROM PS 
     WHERE PS_CPCODE = #{cpcode} AND PS_PRCODE = #{prcode} AND PS_STATE = 'W'
	</select>
	
	<select id ="getDataGraphScW" parameterType = "team3.promans.beans.ProjectBean" resultType = "int">
	 SELECT COUNT(*) AS scheW FROM SC 
     WHERE SC_CPCODE = #{cpcode} AND SC_PRCODE = #{prcode} AND SC_STATE = 'W'
	</select>
	
	<select id ="getDataGraphSdW" parameterType = "team3.promans.beans.ProjectBean" resultType = "int">
	 SELECT COUNT(*) AS sdW FROM SD 
     WHERE SD_CPCODE = #{cpcode} AND SD_PRCODE = #{prcode} AND SD_STATE = 'W'
	</select>
	
	<select id ="getDataGraphPsI" parameterType = "team3.promans.beans.ProjectBean" resultType ="int">
	 SELECT COUNT(*) AS stepI FROM  PS
     WHERE  PS_CPCODE = #{cpcode} AND PS_PRCODE = #{prcode} AND PS_STATE = 'I'
	</select>
	
	<select id ="getDataGraphScI" parameterType = "team3.promans.beans.ProjectBean" resultType ="int">
	 SELECT COUNT(*) AS ScheI FROM  SC
     WHERE  SC_CPCODE = #{cpcode} AND SC_PRCODE = #{prcode} AND SC_STATE = 'I'
	</select>
	
	<select id ="getDataGraphSdI" parameterType = "team3.promans.beans.ProjectBean" resultType ="int">
	 SELECT COUNT(*) AS SdI FROM  SD
     WHERE  SD_CPCODE = #{cpcode} AND SD_PRCODE = #{prcode} AND SD_STATE = 'I'
	</select>
	
	<select id ="getDataGraphPsC" parameterType = "team3.promans.beans.ProjectBean" resultType = "int">
	 
     SELECT COUNT(*) AS stepC FROM  PS
     WHERE  PS_CPCODE = #{cpcode} AND PS_PRCODE = #{prcode} AND PS_STATE = 'S'
	
	</select>
	
	<select id ="getDataGraphScC" parameterType = "team3.promans.beans.ProjectBean" resultType = "int">
	 
     SELECT COUNT(*) AS scheC FROM  SC
     WHERE  SC_CPCODE = #{cpcode} AND SC_PRCODE = #{prcode} AND SC_STATE = 'S'
	
	</select>
	
	<select id ="getDataGraphSdC" parameterType = "team3.promans.beans.ProjectBean" resultType = "int">
	 
     SELECT COUNT(*) AS SdC FROM  SD
     WHERE  SD_CPCODE = #{cpcode} AND SD_PRCODE = #{prcode} AND SD_STATE = 'S'
	
	</select>
	
</mapper>